x_model,own_WHAM_eV,PyMBAR_FES_eV,analytic_eV,samples
-1.7850000000000001,nan,nan,0.7363131467225936,0
-1.755,nan,nan,0.6676874845836313,0
-1.725,nan,nan,0.6035058920866513,0
-1.6949999999999998,nan,nan,0.5435992392790965,0
-1.665,nan,nan,0.48780132026671896,0
-1.635,0.44625504085390355,0.44579070844305685,0.4359488540842875,2
-1.605,0.3461795467715244,0.34624949928562204,0.38788148564412195,16
-1.5750000000000002,0.3378394052745376,0.33733894985196344,0.3434417867685089,21
-1.545,0.2803593400252886,0.2806264597914907,0.30247525731240454,69
-1.5150000000000001,0.2701505008189024,0.2703488596748482,0.2648303263831122,88
-1.4849999999999999,0.23056680618562259,0.23059659010010203,0.23035835366386595,192
-1.455,0.19598804375433437,0.1959512872482299,0.19891363084849406,369
-1.425,0.16780559805284334,0.16761425924441112,0.1703533831944426,609
-1.395,0.15421579234871874,0.1540616450584681,0.14453777120153222,738
-1.365,0.12750774333844445,0.12720824793504149,0.12132989242373335,1125
-1.335,0.11131196685432176,0.11106450227087329,0.10059578342106665,1370
-1.3050000000000002,0.0898785239496977,0.08962691917113502,0.0822044218583386,1814
-1.275,0.07136550847691464,0.07140641585924905,0.06602772875682172,2240
-1.245,0.05451766388977247,0.05442934577743173,0.051940570904106836,2656
-1.2149999999999999,0.04471019028813697,0.044639526233520264,0.03982076342613619,2740
-1.185,0.031438758347494294,0.031499081897492814,0.029549072523823952,3030
-1.155,0.02527763606724584,0.025242504166384027,0.021009218374576394,2943
-1.125,0.016561839570437498,0.016549136694148987,0.014087878196394371,3041
-1.095,0.011564679697652874,0.011563741527564892,0.008674689468949826,2972
-1.065,0.006073504414670056,0.0060708174089972675,0.004662253302005263,2988
-1.035,0.004019161284205958,0.0040013106745730685,0.0019461379366720148,2868
-1.005,0.009789275018211308,0.009774184339857906,0.0004248823591844128,2415
-0.975,0.009396972574760132,0.00938257414887186,0.0,2337
-0.945,0.0,0.0,0.0005759824830290916,2743
-0.915,0.002937443425856223,0.002928433919754865,0.002060303380579512,2581
-0.885,0.0035130937332831513,0.003496042797260886,0.004363421919128016,2583
-0.855,0.011687597730641652,0.011669578401642535,0.0073987865692985225,2264
-0.825,0.017571345579907305,0.01753779695068217,0.011082838440496293,2101
-0.7949999999999999,0.021068915891563705,0.021002104773763366,0.015335014386652732,2065
-0.765,0.022605453932989072,0.022528825527368394,0.02007774971471496,2129
-0.735,0.032373315071896336,0.032348260760722745,0.025236480372230433,1888
-0.705,0.03337572781067219,0.033365043476326996,0.030739644475139057,1998
-0.6749999999999999,0.03865638013276698,0.03870240079612728,0.03651868302237937,1958
-0.6449999999999999,0.04536543788304226,0.045325693382712084,0.04250803963101092,1875
-0.6149999999999999,0.054673785283537085,0.0547121433185701,0.04864515911532684,1713
-0.5849999999999999,0.0559158819963797,0.055883745205550034,0.05487048472714465,1833
-0.5549999999999999,0.06707149145345265,0.06697650037324702,0.061127453873558946,1621
-0.525,0.07504860293284987,0.07503872759205917,0.06736249213447988,1525
-0.495,0.07861832523910567,0.07860681303093382,0.0735250054168719,1562
-0.46499999999999997,0.08266038217813354,0.0826350269247435,0.07956737010728894,1584
-0.43499999999999994,0.08842981506380054,0.08847802702894118,0.0854449211203872,1551
-0.4049999999999999,0.09574916196372668,0.09578836778798257,0.09111593778950906,1470
-0.3749999999999999,0.1005623372243874,0.10060034121527714,0.09654162760647009,1457
-0.34499999999999986,0.10295757888899709,0.10294687194228287,0.10168610789083936,1506
-0.31499999999999984,0.11327259646435905,0.11333155328724176,0.10651638555274358,1328
-0.2849999999999999,0.11738935622198698,0.1175063083312534,0.1110023352048552,1312
-0.255,0.12031468560621256,0.12036390929547706,0.11511667597481967,1318
-0.22499999999999998,0.12618531008020772,0.12625511199743153,0.1188349474638418,1243
-0.19499999999999995,0.12888967524051465,0.12896137813048625,0.1221354853844338,1239
-0.16499999999999992,0.12635595757852802,0.12644666744425673,0.1249993974837677,1359
-0.1349999999999999,0.12977503612491031,0.1298503733183552,0.12741054041195105,1321
-0.10499999999999987,0.128894265875786,0.12900366135758648,0.1293554982206932,1387
-0.07499999999999984,0.13758873173147562,0.13770967984591234,0.13082356317235838,1202
-0.04499999999999982,0.13256601684307345,0.13267525105116498,0.13180671949935321,1348
-0.014999999999999902,0.13604649404942587,0.13615260773792456,0.13229963067868752,1272
0.015000000000000013,0.13213087505594612,0.13224295619657625,0.13229963067868752,1373
0.04500000000000004,0.1336785730585121,0.1338065259290237,0.1318067194993532,1322
0.07500000000000007,0.13249582974013463,0.13260840188325385,0.13082356317235838,1331
0.1050000000000001,0.13186417083945834,0.13199506509834863,0.12935549822069317,1316
0.13500000000000012,0.1323456401432651,0.13250951303643413,0.12741054041195102,1265
0.16500000000000015,0.1310901245875301,0.13124162048421836,0.12499939748376768,1250
0.19500000000000017,0.12761967714223793,0.1277529448174444,0.12213548538443378,1282
0.2250000000000001,0.12249394190175533,0.12268728738278711,0.1188349474638418,1350
0.2550000000000001,0.12000716196991368,0.12015867147050963,0.11511667597481964,1343
0.28500000000000014,0.11286352399977406,0.11303143164692986,0.11100233520485517,1453
0.31500000000000017,0.11269479812361666,0.11277375577474323,0.10651638555274354,1365
0.3450000000000002,0.1079657578401314,0.10807955851307566,0.1016861078908393,1392
0.3750000000000002,0.10410926268744014,0.10437757179368302,0.09654162760647,1388
0.40500000000000025,0.09721047934506077,0.09737891507363845,0.091115937789509,1461
0.43500000000000005,0.09065914742313663,0.09087579293877326,0.08544492112038715,1522
0.4650000000000001,0.08824087327023611,0.08842284120757332,0.07956737010728891,1460
0.4950000000000001,0.07657813629928861,0.07681292806618649,0.0735250054168719,1672
0.5250000000000001,0.07111233053464472,0.07138411472440671,0.06736249213447984,1697
0.5550000000000002,0.06673479883473554,0.06694795725954748,0.06112745387355889,1686
0.5850000000000002,0.06218944118249817,0.06251008731992166,0.054870484727144564,1681
0.6150000000000002,0.05729705891660106,0.057532282911090166,0.04864515911532677,1689
0.6450000000000002,0.04743201151449075,0.04763749815736058,0.042508039631010845,1872
0.6750000000000003,0.042688737570438895,0.04305928246056591,0.0365186830223793,1885
0.7050000000000001,0.03622487883552139,0.03657482399925415,0.030739644475139043,1971
0.7350000000000001,0.03431709097621438,0.0346615514080364,0.025236480372230412,1898
0.7650000000000001,0.02775743852570034,0.028092745876088607,0.020077749714714932,2014
0.7950000000000002,0.020438046555900202,0.0207776651589456,0.015335014386652683,2187
0.8250000000000002,0.016184109960255655,0.016579203206452304,0.011082838440496262,2260
0.8550000000000002,0.011030400986528383,0.011412663690849133,0.007398786569298491,2403
0.8850000000000002,0.010416424948943459,0.010804114711624173,0.004363421919127999,2370
0.9150000000000003,0.009149924153523448,0.009530605510797171,0.0020603033805795014,2401
0.9450000000000003,0.010153409418390685,0.010554683693125047,0.0005759824830290812,2365
0.9750000000000001,0.003718939286368461,0.0041224919566530665,0.0,2737
1.0050000000000001,0.00584256317781276,0.006214592756877378,0.00042488235918441974,2735
1.0350000000000001,0.010680353606036835,0.011069487010493378,0.0019461379366720252,2645
1.0650000000000002,0.010851186246512046,0.011290080551855252,0.004662253302005287,2857
1.0950000000000002,0.012309830689394258,0.012696907832868505,0.008674689468949864,3071
1.1250000000000002,0.02255087692695701,0.022846065501534247,0.014087878196394406,2838
1.1550000000000002,0.024124432388324762,0.02446269549972563,0.021009218374576463,3152
1.1850000000000003,0.03377677725955333,0.03406377230427062,0.02954907252382405,3032
1.2150000000000003,0.04657398457444767,0.046727018755796546,0.03982076342613636,2766
1.245,0.06102645193870446,0.061233304750264034,0.051940570904106836,2450
1.2750000000000001,0.07417222031429227,0.07426732855827016,0.06602772875682181,2219
1.3050000000000002,0.08941149463377152,0.08979788377614793,0.0822044218583386,1914
1.3350000000000002,0.11106893521837241,0.1111580944356535,0.10059578342106676,1439
1.3650000000000002,0.1232450271488052,0.12352794114525296,0.12132989242373354,1277
1.3950000000000002,0.14846921253053463,0.14875470315562,0.14453777120153236,862
1.4250000000000003,0.1804882945535488,0.18075009082532667,0.17035338319444274,498
1.4550000000000003,0.21403276339362476,0.2142706994827508,0.19891363084849417,272
1.4850000000000003,0.2522124670088355,0.2525460474665187,0.23035835366386645,132
1.5150000000000001,0.2730118189672781,0.27344833319968215,0.2648303263831122,87
1.5450000000000002,0.2818842037665686,0.2824863817764447,0.3024752573124049,70
1.5750000000000002,0.3310922576013463,0.33234364115562925,0.3434417867685089,25
1.6050000000000002,0.35918204942673715,0.36229972164025526,0.38788148564412217,13
1.6350000000000002,0.4843595608782145,0.48591132768106826,0.43594885408428796,1
1.6650000000000003,0.3919648144590705,0.3967447796683327,0.4878013202667194,5
1.6950000000000003,nan,nan,0.5435992392790975,0
1.7250000000000003,nan,nan,0.6035058920866515,0
1.7550000000000003,nan,nan,0.6676874845836324,0
1.7850000000000001,nan,nan,0.7363131467225936,0
