x_bohr,V_Hartree,psi_0,psi_1,psi_2,psi_3
-5.970074812967581,100.12030814951896,1.0386641289441856e-11,-1.2050176040325027e-11,-2.5009456424987898e-11,5.167294717730645e-11
-5.940149625935161,97.87748502291628,2.262123122065411e-11,-2.624280329575905e-11,-5.4418161550035535e-11,1.1237584893812514e-10
-5.910224438902743,95.67114760869383,3.878962903791728e-11,-4.499583174956709e-11,-9.318061071579986e-11,1.9226525253829587e-10
-5.880299251870324,93.5009148200343,6.155021975880822e-11,-7.139030377542656e-11,-1.4759132851461196e-10,3.0422132322682205e-10
-5.850374064837905,91.36640749480148,9.453186119106991e-11,-1.0963118484791106e-10,-2.2621408720097046e-10,4.657339875146608e-10
-5.820448877805486,89.26724839553974,1.4285010319353048e-10,-1.6564499708272276e-10,-3.4108197103778484e-10,7.013326065584274e-10
-5.790523690773067,87.20306220947461,2.138069018166166e-10,-2.478896866238156e-10,-5.093173192193297e-10,1.0458579117000139e-09
-5.760598503740648,85.17347554851249,3.1785687784751545e-10,-3.684727377705423e-10,-7.553601520467247e-10,1.5489528989328543e-09
-5.730673316708229,83.17811694924052,4.699495290309572e-10,-5.447039802731295e-10,-1.114052209636871e-09,2.2812647118613583e-09
-5.7007481296758105,81.2166168729269,6.913935093775512e-10,-8.012519061412801e-10,-1.6349050127707258e-09,3.343009485124648e-09
-5.670822942643391,79.28860770552062,1.0124387771324386e-09,-1.1731296572363799e-09,-2.3879899655355964e-09,4.875767329082398e-09
-5.640897755610972,77.3937237576516,1.4758386315322005e-09,-1.7098132468013518e-09,-3.472033934156454e-09,7.0786593903164595e-09
-5.610972568578553,75.53160126463074,2.141740996090139e-09,-2.4808953169692535e-09,-5.025494578948335e-09,1.0230431548982617e-08
-5.581047381546134,73.70187838644961,3.0943725768241937e-09,-3.5838094975171794e-09,-7.2416380970754046e-09,1.4719452785122154e-08
-5.551122194513716,71.90419520778094,4.451127992207345e-09,-5.154331570679545e-09,-1.038896296555205e-08,2.108425890326945e-08
-5.521197007481296,70.13819373797814,6.37486761691447e-09,-7.380784480633404e-09,-1.483872515021014e-08,3.006806868637475e-08
-5.491271820448877,68.40351791107564,9.090473696830392e-09,-1.0523157379376184e-08,-2.1101845370744167e-08,4.269171129019183e-08
-5.461346633416459,66.69981358578882,1.2907027615631488e-08,-1.4938709681119302e-08,-2.987814416295226e-08,6.035068045338223e-08
-5.431421446384039,65.02672854551372,1.8247368059852433e-08,-2.111608789869718e-08,-4.2121687491053396e-08,8.494363151202097e-08
-5.401496259351621,63.383912498327575,2.5687289344726686e-08,-2.9720557755844033e-08,-5.9127071994988345e-08,1.1904162971863312e-07
-5.371571072319202,61.771017076988215,3.6007263872593696e-08,-4.165367252984429e-08,-8.26427782187565e-08,1.6610992197307476e-07
-5.341645885286782,60.18769583893459,5.026034894043839e-08,-5.8131590923133314e-08,-1.1501932254792128e-07,2.3079702881938452e-07
-5.311720698254364,58.63360426628649,6.986089634611618e-08,-8.078735880567517e-08,-1.5940190115014395e-07,3.193096406973787e-07
-5.281795511221945,57.108399765844524,9.66998582759297e-08,-1.1180381866996139e-07,-2.1997960597085486e-07,4.3989626410129436e-07
-5.251870324189526,55.61174166909032,1.3329391410268587e-07,-1.5408545344263572e-07,-3.0230617452585775e-07,6.034679215926309e-07
-5.221945137157107,54.143291232186236,1.8297737379250289e-07,-2.1147945730768999e-07,-4.137106887250856e-07,8.243905948844152e-07
-5.192019950124688,52.702711635975724,2.501478927136749e-07,-2.890587101278927e-07,-5.638207451811145e-07,1.121491648353892e-06
-5.162094763092269,51.28966798598293,3.405795117040821e-07,-3.934821728718818e-07,-7.652254657104056e-07,1.5193313189420024e-06
-5.13216957605985,49.90382731241305,4.618194702980026e-07,-5.33451581476968e-07,-1.0343113883453042e-06,2.04980064154374e-06
-5.102244389027431,48.544858570152144,6.236886869767982e-07,-7.202872601118575e-07,-1.3923108602899205e-06,2.7541190205161687e-06
-5.072319201995012,47.21243263876709,8.38909815465422e-07,-9.686504662983458e-07,-1.8666101227498253e-06,3.6853181629814708e-06
-5.042394014962593,45.90622232250571,1.123891425965111e-06,-1.297444981956734e-06,-2.492372899941124e-06,4.9113143344112764e-06
-5.012468827930174,44.6259023502968,1.4997021758951283e-06,-1.7309367329246352e-06,-3.314545029780288e-06,6.518687916753811e-06
-4.982543640897755,43.371149375749866,1.9932748696380465e-06,-2.30013710247203e-06,-4.3903165258837745e-06,8.617308024350371e-06
-4.952618453865337,42.14164197715552,2.6388870927898345e-06,-3.0445033357439005e-06,-5.792129430497034e-06,1.1345960372704263e-05
-4.922693266832917,40.93706065748508,3.479972659231707e-06,-4.0140180269590005e-06,-7.611332854226535e-06,1.4879158521693006e-05
-4.892768079800499,39.75708784439093,4.5713264234047805e-06,-5.271719129809507e-06,-9.962600596641995e-06,1.9435341743999523e-05
-4.86284289276808,38.60140789020618,5.981774052916036e-06,-6.896762192694391e-06,-1.2989241534096318e-05,2.5286686692694e-05
-4.83291770573566,37.46970707194498,7.797388062289781e-06,-8.988107514598276e-06,-1.6869548305015273e-05,3.277078420723439e-05
-4.802992518703242,36.36167359130232,1.0125341671899153e-05,-1.1668936519203637e-05,-2.1824345390437825e-05,4.230445629245244e-05
-4.7730673316708225,35.27699757465404,1.3098502725228965e-05,-1.5091913675529625e-05,-2.812591305496849e-05,5.4400010642642564e-05
-4.743142144638403,34.21537107305694,1.6880880768350256e-05,-1.9445422513845265e-05,-3.610847825208421e-05,6.96842499879319e-05
-4.713216957605985,33.17648806224871,2.1674051204970202e-05,-2.4960916389470978e-05,-4.618047686795239e-05,8.892056974432619e-05
-4.6832917705735655,32.16004444264787,2.772469086215411e-05,-3.192153625524352e-05,-5.883880282411934e-05,0.00011303448849012186
-4.653366583541147,31.16573803935395,3.533336894185683e-05,-4.0672158359871284e-05,-7.468526771049026e-05,0.00014314296002190037
-4.623441396508728,30.193268602147228,4.486474572831035e-05,-5.163104395918298e-05,-9.444549879356298e-05,0.00018058781134701275
-4.593516209476309,29.242337805489015,5.675933803832946e-05,-6.530327019696823e-05,-0.0001189905023572318,0.00022697363599065716
-4.56359102244389,28.312649248521417,7.154701464150369e-05,-8.229612559355215e-05,-0.00014936111221599,0.0002842104443800139
-4.533665835411471,27.403908455067494,8.986238608044722e-05,-0.00010333665431785649,-0.0001867955286627316,0.0003545613307165788
-4.503740648379052,26.515822873631226,0.00011246225077747651,-0.0001292915298010187,-0.00023276012981452546,0.00044069535658535777
-4.473815461346633,25.64810187739737,0.0001402452522759171,-0.0001611894294254189,-0.0002889837040466342,0.0005457457736054702
-4.443890274314214,24.800456764231694,0.00017427389016515113,-0.0002002460671220872,-0.0003574952077590884,0.0006733736089300757
-4.413965087281795,23.972600756680837,0.00021579900891494262,-0.0002478920188688107,-0.0004406650960111552,0.000827836516889273
-4.384039900249376,23.164249001972276,0.0002662868637624158,-0.000305803446475418,-0.0005412502036658704,0.0010140626564938908
-4.3541147132169575,22.37511857201447,0.00032744883028013044,-0.00037593578691921266,-0.0006624420709231002,0.0012377291873800426
-4.324189526184538,21.60492846339668,0.000401273783725741,-0.0004605604272120064,-0.0008079185091032714,0.0015053447862398625
-4.29426433915212,20.853399597389153,0.0004900631252832126,-0.0005623043278547029,-0.0009818980902680909,0.0018243353728070518
-4.2643391521197005,20.120254819942947,0.0005964683745723364,-0.0006841924910785679,-0.0011891971181670128,0.0022031320009019014
-4.234413965087281,19.40521890169007,0.0007235311812558018,-0.0008296930932401896,-0.0014352884990265623,0.0026512596187441475
-4.204488778054863,18.708018537943445,0.0008747255333869051,-0.0010027650141726985,-0.0017263617803688713,0.0031794251376459043
-4.1745635910224435,18.028382348696816,0.001054001856774703,-0.0012079074005695682,-0.002069383466484081,0.0037996029743607813
-4.144638403990024,17.36604087862487,0.001265832608870474,-0.0014502107965227798,-0.002472156553161175,0.004525115955992404
-4.114713216957606,16.72072659708321,0.0015152588736135248,-0.001735409263478881,-0.002943378055232101,0.005370709204777709
-4.084788029925186,16.09217389810826,0.0018079373617873925,-0.0020699327958489783,-0.003492693132480146,0.006352614361627879
-4.054862842892768,15.48011910041742,0.0021501871165665594,-0.0024609592194632197,-0.004130744257192419,0.007488601271331118
-4.024937655860349,14.88430044740893,0.0025490351182776956,-0.0029164646405586137,-0.004869213715334366,0.008798014048851782
-3.99501246882793,14.304458107161956,0.0030122598785012633,-0.0034452713959816964,-0.005720857598686446,0.010301788285785566
-3.965087281795511,13.740334172436548,0.003548432014355364,-0.004057092344075977,-0.006699529333342918,0.01202244604959187
-3.935162094763092,13.191672660673646,0.004166950702256981,-0.004762570233905454,-0.007820190706953936,0.01398406528649517
-3.9052369077306732,12.658219513995093,0.00487807482997506,-0.005573310801860282,-0.009098908309233919,0.016212220272267205
-3.875311720698254,12.139722599203616,0.005692947599833389,-0.0065019081732539015,-0.010552833293618745,0.01873388987298371
-3.845386533665835,11.635931707782863,0.006623613287987464,-0.007561961096237232,-0.012200162408191134,0.021577330588560522
-3.815461346633416,11.146598555897352,0.007683024838225576,-0.008768078510122347,-0.014060078336140931,0.024771911662014756
-3.7855361596009973,10.671476784392503,0.008885040966994835,-0.010135872953705992,-0.01615266753425928,0.028347909951486453
-3.7556109725685785,10.210321958794633,0.010244411482303007,-0.011681940354742725,-0.018498813965368986,0.0323362627821441
-3.725685785536159,9.762891569310948,0.01177674957536114,-0.013423824812178388,-0.021120067388945913,0.03676827762041753
-3.6957605985037403,9.328945030829567,0.013498489932345427,-0.015379967090332158,-0.02403848520376449,0.04167529813968713
-3.6658354114713214,8.908243682919483,0.015426831635860146,-0.01756963569036921,-0.027276447225809495,0.04708832706743405
-3.6359102244389025,8.500550789830598,0.017579664982220307,-0.02001283954972365,-0.030856443230748428,0.053037607108322726
-3.6059850374064837,8.105631540493695,0.019975481531348142,-0.022730221644227083,-0.03480083358788859,0.05955216221171044
-3.5760598503740644,7.723253048520466,0.022633266929788287,-0.02574293302913744,-0.03913158385479131,0.0666593024782947
-3.5461346633416455,7.353184352203496,0.02557237630203342,-0.02907248715150795,-0.04386997477975885,0.07438409705855062
-3.5162094763092266,6.995196414516264,0.0288123922879766,-0.03274059459373009,-0.04903628976266612,0.08274882046205367
-3.486284289276808,6.649062123113137,0.03237296611086077,-0.03676897876186075,-0.05464948244090363,0.09177237874621796
-3.456359102244389,6.314556290329389,0.03627364238563776,-0.04117917340667806,-0.06072682768298898,0.10146972305819373
-3.4264339152119696,5.991455653181169,0.04053366871637614,-0.045992303253505354,-0.0672835598730841,0.11185125893641752
-3.3965087281795507,5.679538873365554,0.04517179147670382,-0.051228849411049424,-0.07433250293988343,0.1229222606100995
-3.366583541147132,5.378586537260486,0.050206039512043686,-0.05690840162147416,-0.08188369710744914,0.13468230023782107
-3.336658354114713,5.088381155924816,0.05565349783893332,-0.06304939979482074,-0.08994402780798684,0.14712470257389587
-3.306733167082294,4.808707165098287,0.06153007373705822,-0.06966886763154237,-0.09851686258225392,0.16023603591898902
-3.276807980049875,4.539350925201536,0.0678502579257312,-0.07678214146813502,-0.10760170208825272,0.1739956503786102
-3.246882793017456,4.2801007213361,0.07462688378050183,-0.08440259777359292,-0.11719385153052293,0.18837527440234103
-3.216957605985037,4.030746763284406,0.08187088776981102,-0.0925413829701108,-0.12728411890004981,0.20333868029551222
-3.1870324189526182,3.79108118550978,0.0895910744691146,-0.1012071494422092,-0.1378585463701669,0.21884142887624056
-3.1571072319201994,3.560898047156441,0.09779388963446722,-0.11040580172731479,-0.14889818102111196,0.23483070269272496
-3.12718204488778,3.3399933320494974,0.10648320488393952,-0.12014025694199582,-0.16037889076225426,0.25124523622293216
-3.097256857855361,3.1281649486949683,0.11566011753935442,-0.13041022348710052,-0.17227123088672344,0.2680153502619246
-3.0673316708229423,2.9252127302797537,0.12532276911989365,-0.14121200198907305,-0.18454036613173397,0.2850630962778195
-3.0374064837905235,2.7309384346716516,0.13546618585178555,-0.1525383122724773,-0.1971460524360559,0.3023025149083625
-3.0074812967581046,2.5451457444193615,0.14608214436468786,-0.16437814992074215,-0.2100426817937527,0.3196400110044256
-2.9775561097256853,2.367640266752467,0.15715906548721204,-0.1767166756706174,-0.22317939271341142,0.33697484573738756
-2.9476309226932664,2.198229533581459,0.16868193873451756,-0.18953514050483294,-0.23650024782029863,0.35419974431139184
-2.9177057356608476,2.0367230014977187,0.1806322797047518,-0.20281084886271555,-0.24994447910325387,0.37120161579923244
-2.8877805486284287,1.882932051773517,0.19298812217442643,-0.21651716188735803,-0.2634468002287274,0.38786237959462255
-2.85785536159601,1.736669990362027,0.20572404621298485,-0.23062354207910185,-0.27693778424271254,0.40405989098752104
-2.8279301745635905,1.5977520478973133,0.21881124313229913,-0.24509564013856355,-0.2903443038799113,0.41966895646670543
-2.7980049875311717,1.4659953796943401,0.23221761755701875,-0.25989542416918476,-0.3035900306211922,0.4345624275773719
-2.768079800498753,1.3412190657489607,0.24590792635663228,-0.2749813507810163,-0.3165959876079321,0.4486123605514678
-2.738154613466334,1.2232441107379275,0.25984395363028145,-0.29030857700630913,-0.329281150557108,0.46169122752156444
-2.708229426433915,1.1118934440188866,0.27398472039145605,-0.30582921131578844,-0.34156308994459617,0.47367316395790116
-2.678304239401496,1.0069919196303794,0.2882867270722811,-0.3214926014243756,-0.35335864695477515,0.48443523606012684
-2.648379052369077,0.9083663162918415,0.3027042264664311,-0.3372456560083119,-0.3645846350486109,0.4938587112116496
-2.618453865336658,0.8158453374036081,0.3171895242654441,-0.3530331969331143,-0.37515855849359675,0.501830314280392
-2.588528678304239,0.7292596110469036,0.3316933039242043,-0.368798338123548,-0.38499933883783155,0.5082434525332868
-2.5586034912718203,0.6484416899838515,0.3461649722254771,-0.3844828868016444,-0.3940280401044462,0.5129993922242643
-2.5286783042394014,0.5732260516574682,0.36055302160725416,-0.40002776248408406,-0.40216858343539735,0.5160083705109793
-2.498753117206982,0.5034490981916657,0.3748054050756472,-0.415373428871844,-0.4093484420256761,0.5171906272416218
-2.4688279301745633,0.4389491563912534,0.38886991935404114,-0.4304603335870187,-0.41549930745711716,0.5164773423109597
-2.4389027431421444,0.3795664777419333,0.4026945918186056,-0.4452293506165725,-0.42055771895879906,0.5138114656896082
-2.4089775561097255,0.3251432384103031,0.41622806674194035,-0.45962222031112626,-0.4244656476789067,0.5091484288526554
-2.3790523690773067,0.2755235392438557,0.42941998641000007,-0.4735819818576412,-0.4271710287385182,0.5024567281390759
-2.3491271820448874,0.23055340577097938,0.4422213627904234,-0.48705339329529196,-0.4286282346361791,0.49371837252449574
-2.3192019950124685,0.19008078820095806,0.45458493560956764,-0.49998333436961995,-0.42879848446642765,0.48292919034688064
-2.2892768079800496,0.15395556142397016,0.46646551293623784,-0.5123211878155195,-0.4276501843870947,0.4700989916464859
-2.2593516209476308,0.12202952501108891,0.47782029066652687,-0.5240191950177711,-0.42515919579954653,0.4552515849262333
-2.229426433915212,0.09415640321428331,0.48860914764963764,-0.5350327824107093,-0.42130902877273807,0.4384246492656208
-2.1995012468827926,0.07019184496641703,0.49879491358156985,-0.5453208554373824,-0.41609095932556095,0.41966946479083417
-2.1695760598503737,0.04999342388124983,0.5083436072141113,-0.5548460573837861,-0.40950407026229696,0.39905050647885176
-2.139650872817955,0.033420638253435594,0.5172246428722709,-0.5635749909256593,-0.4015552163136385,0.37664490812014234
-2.109725685785536,0.020334911058523718,0.5254110037355978,-0.5714784007639712,-0.3922589153524741,0.3525418049529379
-2.079800498753117,0.010599589952958746,0.5328793808092087,-0.5785313162707498,-0.38163716841270323,0.3268415649863151
-2.049875311720698,0.004079947274080255,0.5396102769804932,-0.5847131536097399,-0.36971921212585873,0.2996549203284193
-2.019950124688279,0.000643180040123364,0.5455880760194387,-0.5900077773274351,-0.3565412079914185,0.2711020109141437
-1.99002493765586,0.0001584099502178883,0.5508010768269094,-0.5944035219208792,-0.3421458736017873,0.24131135387252672
-1.9600997506234412,0.0024966833843889794,0.5552414936592605,-0.5978931743715923,-0.32658206154380004,0.2104187523823103
-1.930174563591022,0.00753097140355703,0.5589054234533845,-0.6004739190833467,-0.30990429218941573,0.17856615823371266
-1.9002493765586035,0.015136169749537166,0.5617927817385084,-0.6021472470695254,-0.29217224696564603,0.14590050244945835
-1.8703241895261842,0.025189098845040434,0.5639072089455317,-0.6029188315987521,-0.27345022895663873,0.1125725082268152
-1.8403990024937658,0.037568503793671916,0.5652559492080974,-0.6027983728218328,-0.25380659784040643,0.07873550015711292
-1.8104738154613464,0.05215505437993334,0.5658497039895455,-0.6017994141662343,-0.2333131862022124,0.04454422317572371
-1.7805486284289271,0.06883134506922024,0.5657024630649369,-0.599939133495049,-0.21204470420126148,0.010153684012472509
-1.7506234413965087,0.08748189500782326,0.5648313155369593,-0.5972381121850895,-0.19007813940388682,-0.024281972929057056
-1.7206982543640894,0.10799314802292986,0.5632562436689407,-0.5937200853842446,-0.16749215834308825,-0.05861054431204503
-1.690773067331671,0.13025347262262024,0.5609999023786214,-0.5894116767628358,-0.14436651603043482,-0.09268279136443146
-1.6608478802992517,0.15415316199587234,0.55808738725442,-0.5843421210798083,-0.1207814792422083,-0.12635339944814203
-1.6309226932668324,0.17958443401255725,0.5545459939341852,-0.5785429778451654,-0.09681726893809538,-0.15948186625200586
-1.600997506234414,0.2064414312234411,0.5504049716277614,-0.5720478392786896,-0.0725535266589058,-0.1919333124380164
-1.5710723192019946,0.23462022086018763,0.5456952734724799,-0.5648920356457571,-0.04806880920098965,-0.22357920986305813
-1.5411471321695762,0.264018794835352,0.5404493062886324,-0.5571123408983519,-0.023440115290389578,-0.2542980237841082
-1.511221945137157,0.29453706974238875,0.5347006821540233,-0.5487466813679209,0.0012575526099116155,-0.2839757667140203
-1.4812967581047376,0.3260768868556443,0.5284839740469165,-0.5398338500512497,0.025951588820732816,-0.31250646280904615
-1.4513715710723192,0.3585420121303602,0.5218344776192143,-0.5304132288059592,0.05057214534615746,-0.33979252282214295
-1.4214463840398999,0.39183813620267643,0.5147879809606387,-0.5205245205332772,0.07505245177854006,-0.36574503073403486
-1.3915211970074814,0.4258728743896238,0.507380544004014,-0.5102074931770891,0.09932909339058353,-0.3902839441655219
-1.3615960099750621,0.46055576668913223,0.49964828900531155,-0.49950173711432666,0.12334224712249461,-0.4133382115706302
-1.3316708229426428,0.4957982777800243,0.4916272033134957,-0.48844643725665093,0.14703587566468115,-0.43484581000422845
-1.3017456359102244,0.5315137970220168,0.48335295542774487,-0.47708016093095074,0.17035788029014556,-0.45475370794534953
-1.271820448877805,0.5676176384557262,0.4748607251263176,-0.46544066235983045,0.19326021350196895,-0.4730177582364843
-1.2418952618453867,0.6040270408026583,0.46618504824488727,-0.453564704326056,0.21569895292740948,-0.489602526669424
-1.2119700748129674,0.6406611674652195,0.45735967648489817,-0.4414878973794847,0.23763433820948163,-0.5044810621115208
-1.182044887780548,0.6774411065267072,0.44841745244638087,-0.4292445567335158,0.2590307729186894,-0.5176346143258638
-1.1521197007481296,0.7142898707513149,0.43939019990631584,-0.41686757680236386,0.2798567937319566,-0.5290523057996339
-1.1221945137157103,0.7511323975841337,0.43030862920429863,-0.40438832315181483,0.30008500930359583,-0.5387307639627456
-1.092269326683292,0.7878955491511463,0.42120225745286677,-0.3918365414755742,0.3196920113859352,-0.5466737201608324
-1.0623441396508726,0.8245081122592339,0.41209934316098035,-0.379240283067439,0.33865826084710776,-0.5528915816503457
-1.0324189526184533,0.8609007983961702,0.4030268347461019,-0.366625846136588,0.35696795128312475,-0.5574009827173092
-1.0024937655860349,0.8970062437306242,0.39401033231311317,-0.3540177322092182,0.37460885293371665,-0.560224320793688
-0.9725685785536156,0.9327590091121634,0.3850740619967097,-0.34143861677423515,0.3915721395898502,-0.561389283165121
-0.9426433915211971,0.9680955800712447,0.37624086209748264,-0.32890933326313737,0.4078522011288516,-0.5609283695396525
-0.9127182044887778,1.0029543668192267,0.3675321801900003,-0.31644886940383576,0.4234464442343422,-0.5588784153876137
-0.8827930174563585,1.0372757042483578,0.3589680803430554,-0.3040743749539535,0.4383550837564431,-0.5552801205761779
-0.8528678304239401,1.071001851931783,0.35056725956693324,-0.29180117980005926,0.4525809270466326,-0.550177587416108
-0.8229426433915208,1.104076994123545,0.34234707258907937,-0.27964282140409136,0.4661291534648654,-0.543617871820167
-0.7930174563591024,1.136447239758578,0.33432356405681657,-0.26761108058565386,0.47900709110759554,-0.5356505508492039
-0.7630922693266831,1.1680606224527148,0.32651150727267786,-0.25571602464758775,0.4912239926475103,-0.5263273094991527
-0.7331670822942637,1.1988671005026805,0.31892444858332364,-0.24396605688089829,0.5027908120121941,-0.515701549165431
-0.7032418952618453,1.2288185568860956,0.31157475656577976,-0.23236797152241784,0.5137199834625047,-0.5038280198152034
-0.673316708229426,1.2578687992614779,0.3044736751837362,-0.2209270132832012,0.5240252044647664,-0.4907624775066441
-0.6433915211970076,1.285973559968238,0.29763138012080703,-0.20964694061630948,0.5337212235863573,-0.47656136852098513
-0.6134663341645883,1.3130904960266836,0.2910570375359369,-0.19853009194814603,0.5428236344839399,-0.46128154102043256
-0.583541147132169,1.3391791891380167,0.28475886452757276,-0.18757745415671226,0.5513486768993114,-0.44497998481491235
-0.5536159600997506,1.364201145684333,0.2787441906368972,-0.1767887326420002,0.5593130454311185,-0.42771359951452004
-0.5236907730673312,1.388119796728626,0.2730195197655154,-0.16616242239725354,0.5667337067128021,-0.40953899106330927
-0.49376558603491283,1.4109004980147821,0.2675905919287501,-0.15569587955411773,0.5736277254990898,-0.39051229639403384
-0.4638403990024935,1.4325105299675849,0.26246244431146387,-0.14538539293896513,0.5800121000459338,-0.37068903571253625
-0.4339152119700742,1.4529190976927115,0.25763947113851415,-0.13522625524121296,0.5859036070625323,-0.35012399171419084
-0.4039900249376558,1.4720973309767342,0.2531254819160564,-0.1252128334566216,0.5913186564193046,-0.32887111485230575
-0.3740648379052365,1.490018284287122,0.24892375764253116,-0.1153386383288332,0.5962731557125819,-0.30698345361858376
-0.34413965087281806,1.5066569367722364,0.24503710462896355,-0.10559639257032045,0.6007823847152746,-0.2845131086572823
-0.31421446384039875,1.5219901922613372,0.24146790560691603,-0.09597809769907714,0.6048608796827221,-0.2615112094161079
-0.28428927680797944,1.5359968792645773,0.23821816783887642,-0.08647509937947521,0.6085223274340044,-0.23802791193646344
-0.254364089775561,1.5486577509730048,0.23528956797992337,-0.07707815120447956,0.6117794690907589,-0.2141124163017664
-0.2244389027431417,1.5599554852585638,0.23268349347112774,-0.06777747690164644,0.614644013327472,-0.18981300219336486
-0.1945137157107233,1.5698746846740927,0.23040108027433573,-0.05856283098687872,0.6171265589686799,-0.16517708094739766
-0.16458852867830398,1.5784018764533263,0.22844324678478914,-0.04942355792765375,0.6192365267588288,-0.14025126246102496
-0.13466334164588467,1.585525512510893,0.22681072378257736,-0.040348649911296254,0.6209821001289488,-0.11508143526117681
-0.10473815461346625,1.5912359694423168,0.22550408030633534,-0.031326803343782995,0.6223701747899923,-0.08971285802177967
-0.07481296758104694,1.5955255485240185,0.22452374535308461,-0.02234647423050692,0.6234063169948384,-0.06419026079491241
-0.04488778054862852,1.5983884757133109,0.22387002532687844,-0.013395932612376251,0.6240947303286839,-0.03855795420624264
-0.01496259351620921,1.5998209016484048,0.22354311717620684,-0.004463316248574736,0.624438230909944,-0.012859944854296427
0.014962593516210099,1.5998209016484048,0.2235431171762035,0.00446331624873712,0.624438230909944,0.012859944854301555
0.04488778054862852,1.5983884757133109,0.22387002532686842,0.013395932612538896,0.6240947303286845,0.03855795420624779
0.07481296758104783,1.595525548524018,0.22452374535306782,0.02234647423067009,0.6234063169948393,0.06419026079491758
0.10473815461346625,1.5912359694423168,0.2255040803063118,0.03132680334394694,0.6223701747899938,0.08971285802178486
0.13466334164588556,1.585525512510893,0.226810723782547,0.04034864991146124,0.6209821001289506,0.11508143526118206
0.16458852867830487,1.5784018764533263,0.22844324678475197,0.04942355792782003,0.6192365267588309,0.14025126246103017
0.1945137157107233,1.5698746846740927,0.23040108027429176,0.05856283098704656,0.6171265589686822,0.1651770809474029
0.2244389027431426,1.5599554852585635,0.23268349347107684,0.06777747690181611,0.6146440133274745,0.18981300219337027
0.254364089775561,1.5486577509730048,0.23528956797986553,0.0770781512046513,0.6117794690907614,0.21411241630177189
0.28428927680798033,1.5359968792645768,0.23821816783881158,0.08647509937964927,0.6085223274340069,0.23802791193646902
0.31421446384039964,1.521990192261337,0.24146790560684406,0.09597809769925378,0.6048608796827246,0.26151120941611344
0.34413965087281806,1.5066569367722364,0.24503710462888428,0.1055963925704999,0.600782384715277,0.284513108657288
0.37406483790523737,1.490018284287121,0.24892375764244448,0.11533863832901575,0.5962731557125841,0.30698345361858925
0.4039900249376558,1.4720973309767342,0.25312548191596224,0.12521283345680745,0.5913186564193066,0.32887111485231146
0.4339152119700751,1.4529190976927109,0.25763947113841235,0.1352262552414024,0.5859036070625341,0.35012399171419656
0.4638403990024935,1.4325105299675849,0.26246244431135435,0.1453853929391584,0.5800121000459351,0.370689035712542
0.49376558603491283,1.4109004980147821,0.2675905919286326,0.1556958795543151,0.5736277254990906,0.39051229639403984
0.5236907730673321,1.3881197967286256,0.27301951976538985,0.1661624223974553,0.5667337067128025,0.4095389910633156
0.5536159600997506,1.364201145684333,0.2787441906367634,0.17678873264220651,0.5593130454311184,0.4277135995145265
0.5835411471321699,1.339179189138016,0.28475886452743066,0.18757745415692334,0.5513486768993107,0.444979984814919
0.6134663341645883,1.3130904960266836,0.2910570375357863,0.19853009194836216,0.5428236344839388,0.4612815410204394
0.6433915211970076,1.285973559968238,0.29763138012064777,0.20964694061653077,0.5337212235863557,0.47656136852099223
0.6733167082294269,1.257868799261477,0.30447367518356816,0.22092701328342798,0.5240252044647641,0.4907624775066515
0.7032418952618453,1.2288185568860956,0.3115747565656028,0.23236797152265035,0.5137199834625015,0.5038280198152112
0.7331670822942646,1.1988671005026794,0.3189244485831377,0.2439660568811367,0.5027908120121903,0.5157015491654388
0.7630922693266831,1.1680606224527148,0.3265115072724827,0.25571602464783233,0.49122399264750566,0.526327309499161
0.7930174563591024,1.136447239758578,0.3343235640566121,0.2676110805859047,0.4790070911075902,0.5356505508492124
0.8229426433915217,1.1040769941235442,0.34234707258886554,0.2796428214043487,0.4661291534648596,0.5436178718201755
0.8528678304239401,1.071001851931783,0.3505672595667099,0.29180117980032333,0.45258092704662634,0.5501775874161167
0.8827930174563594,1.0372757042483567,0.35896808034282246,0.30407437495422435,0.43835508375643667,0.5552801205761868
0.9127182044887778,1.0029543668192267,0.36753218018975764,0.31644886940411376,0.42344644423433553,0.558878415387623
0.9426433915211971,0.9680955800712447,0.3762408620972301,0.32890933326342264,0.4078522011288449,0.5609283695396619
0.9725685785536164,0.9327590091121624,0.3850740619964472,0.3414386167745277,0.3915721395898433,0.5613892831651306
1.0024937655860349,0.8970062437306242,0.3940103323128406,0.35401773220951815,0.3746088529337097,0.5602243207936984
1.0324189526184542,0.8609007983961693,0.40302683474581924,0.3666258461368955,0.35696795128311765,0.5574009827173204
1.0623441396508726,0.8245081122592339,0.4120993431606876,0.3792402830677539,0.33865826084710066,0.5528915816503579
1.092269326683292,0.7878955491511463,0.4212022574525639,0.39183654147589675,0.3196920113859281,0.5466737201608454
1.1221945137157112,0.7511323975841329,0.43030862920398577,0.404388323152145,0.30008500930358883,0.5387307639627593
1.1521197007481296,0.7142898707513149,0.4393901999059929,0.41686757680270153,0.27985679373194977,0.5290523057996483
1.182044887780549,0.6774411065267061,0.4484174524460478,0.429244556733861,0.2590307729186827,0.5176346143258789
1.2119700748129674,0.6406611674652195,0.457359676484555,0.44148789737983735,0.23763433820947522,0.5044810621115362
1.2418952618453867,0.6040270408026583,0.4661850482445341,0.45356470432641605,0.21569895292740343,0.48960252666944004
1.271820448877806,0.5676176384557249,0.4748607251259547,0.46544066236019754,0.19326021350196332,0.47301775823650044
1.3017456359102244,0.5315137970220168,0.4833529554273722,0.47708016093132494,0.17035788029014043,0.45475370794536607
1.3316708229426437,0.4957982777800233,0.49162720331311366,0.4884464372570321,0.1470358756646766,0.4348458100042451
1.3615960099750621,0.46055576668913223,0.49964828900492014,0.4995017371147147,0.12334224712249073,0.4133382115706468
1.3915211970074814,0.4258728743896238,0.5073805440036135,0.5102074931774838,0.09932909339058035,0.3902839441655385
1.4214463840399008,0.3918381362026754,0.5147879809602293,0.5205245205336781,0.07505245177853764,0.3657450307340513
1.4513715710723192,0.3585420121303602,0.5218344776187964,0.5304132288063663,0.05057214534615582,0.33979252282215916
1.4812967581047385,0.3260768868556433,0.5284839740464905,0.5398338500516625,0.02595158882073196,0.3125064628090619
1.511221945137157,0.29453706974238875,0.5347006821535897,0.548746681368339,0.001257552609911594,0.2839757667140357
1.5411471321695762,0.264018794835352,0.5404493062881915,0.5571123408987754,-0.023440115290388735,0.254298023784123
1.5710723192019955,0.23462022086018677,0.5456952734720323,0.5648920356461854,-0.04806880920098791,0.2235792098630722
1.600997506234414,0.2064414312234411,0.5504049716273074,0.5720478392791224,-0.07255352665890312,0.19193331243802975
1.6309226932668333,0.17958443401255653,0.5545459939337255,0.5785429778456022,-0.09681726893809176,0.1594818662520185
1.6608478802992517,0.15415316199587234,0.558087387253955,0.584342121080249,-0.1207814792422037,0.1263533994481537
1.690773067331671,0.13025347262262024,0.5609999023781517,0.5894116767632798,-0.14436651603042921,0.09268279136444217
1.7206982543640903,0.10799314802292921,0.5632562436684667,0.5937200853846913,-0.16749215834308162,0.05861054431205465
1.7506234413965087,0.08748189500782326,0.5648313155364818,0.5972381121855386,-0.19007813940387908,0.02428197292906551
1.780548628428928,0.06883134506921972,0.5657024630644565,0.5999391334954999,-0.2120447042012527,-0.010153684012465317
1.8104738154613464,0.05215505437993334,0.565849703989063,0.6017994141666863,-0.23331318620220248,-0.044544223175717844
1.8403990024937658,0.037568503793671916,0.5652559492076153,0.6027983728222853,-0.25380659784039544,-0.07873550015710849
1.870324189526185,0.025189098845040076,0.5639072089450506,0.6029188315992051,-0.2734502289566267,-0.11257250822681225
1.9002493765586035,0.015136169749537166,0.5617927817380293,0.6021472470699768,-0.29217224696563276,-0.14590050244945693
1.9301745635910228,0.007530971403556835,0.5589054234529075,0.6004739190837955,-0.3099042921894016,-0.1785661582337129
1.9600997506234412,0.0024966833843889794,0.5552414936587864,0.5978931743720379,-0.32658206154378483,-0.21041875238231225
1.9900249376558605,0.00015840995021787417,0.5508010768264391,0.5944035219213214,-0.34214587360177096,-0.2413113538725304
2.01995012468828,0.000643180040123421,0.5455880760189726,0.5900077773278729,-0.35654120799140115,-0.2711020109141491
2.0498753117206983,0.0040799472740803274,0.539610276980032,0.5847131536101728,-0.3697192121258402,-0.29965492032842644
2.0798004987531167,0.010599589952958628,0.5328793808087533,0.5785313162711774,-0.3816371684126835,-0.326841564986324
2.109725685785537,0.020334911058524037,0.5254110037351486,0.5714784007643925,-0.39225891535245316,-0.35254180495294857
2.1396508728179553,0.033420638253435796,0.5172246428718285,0.5635749909260739,-0.4015552163136163,-0.37664490812015466
2.1695760598503737,0.04999342388124983,0.5083436072136763,0.5548460573841935,-0.40950407026227337,-0.3990505064788659
2.199501246882794,0.07019184496641807,0.49879491358114286,0.5453208554377819,-0.41609095932553614,-0.41966946479085004
2.2294264339152123,0.09415640321428381,0.4886091476492192,0.5350327824111004,-0.42130902877271187,-0.43842464926563846
2.2593516209476308,0.12202952501108891,0.4778202906661176,0.5240191950181536,-0.4251591957995193,-0.4552515849262526
2.289276807980049,0.1539555614239697,0.46646551293583816,0.512321187815893,-0.4276501843870661,-0.470098991646507
2.3192019950124694,0.1900807882009593,0.45458493560917823,0.49998333436998377,-0.42879848446639796,-0.4829291903469032
2.349127182044888,0.2305534057709799,0.4422213627900445,0.487053393295646,-0.42862823463614935,-0.4937183725245196
2.379052369077306,0.2755235392438551,0.42941998640963214,0.47358198185798533,-0.4271710287384885,-0.5024567281391012
2.4089775561097264,0.32514323841030474,0.4162280667415837,0.45962222031145983,-0.4244656476788769,-0.509148428852682
2.438902743142145,0.37956647774193397,0.40269459181826056,0.4452293506168954,-0.4205577189587693,-0.5138114656896362
2.4688279301745633,0.4389491563912534,0.3888699193537079,0.43046033358733055,-0.41549930745708774,-0.5164773423109885
2.4987531172069835,0.5034490981916685,0.3748054050753259,0.41537342887214457,-0.4093484420256471,-0.5171906272416519
2.528678304239402,0.573226051657469,0.36055302160694497,0.4000277624843735,-0.40216858343536904,-0.5160083705110096
2.5586034912718203,0.6484416899838515,0.34616497222518006,0.3844828868019225,-0.39402804010441855,-0.5129993922242946
2.5885286783042387,0.7292596110469026,0.3316933039239196,0.36879833812381474,-0.3849993388378047,-0.508243452533317
2.618453865336659,0.8158453374036105,0.31718952426517166,0.35303319693336976,-0.37515855849357105,-0.5018303142804221
2.6483790523690773,0.9083663162918433,0.30270422646617096,0.337245656008556,-0.36458463504858624,-0.49385871121167935
2.6783042394014958,1.0069919196303778,0.2882867270720333,0.32149260142460817,-0.3533586469547516,-0.484435236060156
2.708229426433916,1.1118934440188892,0.27398472039122046,0.3058292113160097,-0.34156308994457363,-0.47367316395792963
2.7381546134663344,1.2232441107379293,0.25984395363005786,0.29030857700651913,-0.32928115055708645,-0.4616912275215922
2.768079800498753,1.3412190657489607,0.2459079263564206,0.2749813507812153,-0.31659598760791163,-0.448612360551495
2.798004987531173,1.4659953796943455,0.23221761755681875,0.2598954241693729,-0.30359003062117274,-0.43456242757739855
2.8279301745635914,1.5977520478973175,0.21881124313211067,0.24509564013874094,-0.29034430387989285,-0.4196689564667315
2.85785536159601,1.736669990362027,0.20572404621280763,0.2306235420792688,-0.27693778424269505,-0.40405989098754624
2.8877805486284283,1.8829320517735153,0.19298812217426017,0.21651716188751477,-0.26344680022871086,-0.38786237959464687
2.9177057356608485,2.036723001497723,0.18063227970459617,0.20281084886286235,-0.24994447910323808,-0.37120161579925604
2.947630922693267,2.1982295335814626,0.16868193873437223,0.18953514050497017,-0.2365002478202836,-0.3541997443114144
2.9775561097256853,2.367640266752467,0.1571590654870766,0.17671667567074537,-0.22317939271339726,-0.33697484573740927
3.0074812967581055,2.545145744419367,0.14608214436456193,0.16437814992086114,-0.2100426817937393,-0.3196400110044465
3.037406483790524,2.7309384346716556,0.13546618585166878,0.15253831227258774,-0.19714605243604336,-0.3023025149083825
3.0673316708229423,2.9252127302797537,0.1253227691197856,0.14121200198917525,-0.18454036613172223,-0.28506309627783855
3.0972568578553625,3.1281649486949785,0.11566011753925469,0.13041022348719483,-0.1722712308867125,-0.2680153502619426
3.127182044887781,3.339993332049503,0.10648320488384774,0.12014025694208265,-0.1603788907622441,-0.25124523622294925
3.1571072319201994,3.560898047156441,0.09779388963438299,0.11040580172739459,-0.14889818102110258,-0.234830702692741
3.187032418952618,3.791081185509778,0.08959107446903745,0.10120714944228232,-0.1378585463701582,-0.21884142887625563
3.216957605985038,4.030746763284415,0.08187088776974055,0.09254138297017764,-0.1272841189000418,-0.20333868029552626
3.2468827930174564,4.280100721336103,0.07462688378043764,0.08440259777365382,-0.11719385153051555,-0.18837527440235421
3.276807980049875,4.539350925201536,0.06785025792567283,0.07678214146819039,-0.10760170208824589,-0.17399565037862239
3.306733167082295,4.808707165098294,0.061530073737005295,0.06966886763159255,-0.09851686258224762,-0.1602360359190003
3.3366583541147135,5.0883811559248215,0.05565349783888545,0.06304939979486615,-0.08994402780798107,-0.14712470257390625
3.366583541147132,5.378586537260486,0.050206039512000485,0.0569084016215151,-0.08188369710744389,-0.13468230023783057
3.396508728179552,5.679538873365567,0.04517179147666494,0.051228849411086255,-0.07433250293987867,-0.12292226061010815
3.4264339152119705,5.99145565318118,0.04053366871634125,0.045992303253538404,-0.0672835598730798,-0.11185125893642538
3.456359102244389,6.314556290329389,0.03627364238560652,0.04117917340670763,-0.06072682768298506,-0.10146972305820082
3.4862842892768073,6.649062123113135,0.032372966110832874,0.036768978761887124,-0.05464948244090009,-0.09177237874622439
3.5162094763092275,6.995196414516274,0.028812392287951762,0.03274059459375356,-0.049036289762662943,-0.08274882046205943
3.546134663341646,7.3531843522035025,0.025572376302011385,0.029072487151528787,-0.043869974779756,-0.07438409705855582
3.5760598503740644,7.723253048520466,0.022633266929768796,0.025742933029155885,-0.0391315838547888,-0.06665930247829936
3.6059850374064846,8.10563154049371,0.01997548153133093,0.022730221644243355,-0.03480083358788637,-0.0595521622117146
3.635910224438903,8.500550789830601,0.017579664982205156,0.020012839549737965,-0.030856443230746454,-0.053037607108326446
3.6658354114713214,8.908243682919483,0.015426831635846851,0.017569635690381766,-0.027276447225807746,-0.047088327067437354
3.6957605985037416,9.328945030829587,0.013498489932333798,0.015379967090343139,-0.024038485203762956,-0.04167529813969007
3.72568578553616,9.762891569310963,0.011776749575350994,0.01342382481218797,-0.021120067388944577,-0.03676827762042012
3.7556109725685785,10.210321958794633,0.010244411482294182,0.011681940354751055,-0.018498813965367823,-0.03233626278214638
3.785536159600997,10.671476784392496,0.008885040966987182,0.010135872953713211,-0.01615266753425828,-0.028347909951488455
3.815461346633417,11.146598555897366,0.007683024838218957,0.00876807851012859,-0.014060078336140062,-0.02477191166201652
3.8453865336658355,11.63593170778287,0.0066236132879817595,0.007561961096242614,-0.012200162408190385,-0.02157733058856204
3.875311720698254,12.139722599203616,0.005692947599828484,0.006501908173258525,-0.010552833293618096,-0.018733889872985028
3.905236907730674,12.658219513995107,0.0048780748299708555,0.005573310801864245,-0.009098908309233364,-0.016212220272268343
3.9351620947630925,13.191672660673653,0.004166950702253388,0.004762570233908837,-0.007820190706953459,-0.013984065286496155
3.965087281795511,13.740334172436548,0.0035484320143523047,0.004057092344078858,-0.006699529333342507,-0.012022446049592716
3.995012468827931,14.304458107161981,0.0030122598784986672,0.003445271395984141,-0.005720857598686098,-0.01030178828578629
4.02493765586035,14.884300447408947,0.002549035118275498,0.002916464640560682,-0.0048692137153340705,-0.0087980140488524
4.054862842892768,15.48011910041742,0.002150187116564706,0.0024609592194649635,-0.004130744257192168,-0.00748860127133164
4.084788029925186,16.09217389810826,0.0018079373617858334,0.0020699327958504437,-0.003492693132479933,-0.0063526143616283205
4.114713216957607,16.720726597083225,0.0015152588736122177,0.0017354092634801086,-0.0029433780552319227,-0.005370709204778081
4.144638403990025,17.36604087862489,0.0012658326088693815,0.0014502107965238054,-0.002472156553161025,-0.004525115955992714
4.1745635910224435,18.028382348696816,0.0010540018567737925,0.0012079074005704221,-0.0020693834664839545,-0.003799602974361041
4.204488778054864,18.708018537943467,0.0008747255333861485,0.0010027650141734067,-0.001726361780368765,-0.00317942513764612
4.234413965087282,19.4052189016901,0.0007235311812551754,0.0008296930932407755,-0.0014352884990264734,-0.002651259618744326
4.2643391521197005,20.120254819942947,0.0005964683745718198,0.0006841924910790509,-0.001189197118166939,-0.00220313200090205
4.294264339152119,20.85339959738913,0.0004900631252827879,0.0005623043278551,-0.0009818980902680304,-0.0018243353728071756
4.324189526184539,21.6049284633967,0.00040127378372539324,0.00046056042721233175,-0.0008079185091032211,-0.0015053447862399647
4.3541147132169575,22.37511857201447,0.00032744883027984665,0.00037593578691947824,-0.0006624420709230587,-0.001237729187380127
4.384039900249376,23.164249001972276,0.00026628686376218495,0.000305803446475634,-0.0005412502036658363,-0.0010140626564939593
4.413965087281796,23.97260075668086,0.00021579900891475552,0.00024789201886898585,-0.0004406650960111272,-0.000827836516889329
4.443890274314215,24.800456764231715,0.000174273890165,0.00020024606712222863,-0.0003574952077590657,-0.0006733736089301215
4.473815461346633,25.64810187739737,0.0001402452522757954,0.00016118942942553274,-0.0002889837040466157,-0.0005457457736055071
4.503740648379053,26.51582287363125,0.00011246225077737882,0.00012929152980110993,-0.00023276012981451047,-0.0004406953565853875
4.533665835411472,27.40390845506753,8.986238608036917e-05,0.00010333665431792943,-0.0001867955286627196,-0.0003545613307166027
4.56359102244389,28.312649248521417,7.154701464144154e-05,8.229612559361027e-05,-0.00014936111221598039,-0.00028421044438003306
4.5935162094763085,29.24233780548899,5.675933803828018e-05,6.530327019701437e-05,-0.00011899050235722415,-0.0002269736359906726
4.623441396508729,30.19326860214725,4.486474572827138e-05,5.163104395921946e-05,-9.44454987935569e-05,-0.00018058781134702495
4.653366583541147,31.16573803935395,3.533336894182612e-05,4.067215835990003e-05,-7.468526771048543e-05,-0.00014314296002191005
4.6832917705735655,32.16004444264787,2.7724690862130017e-05,3.1921536255266045e-05,-5.88388028241155e-05,-0.00011303448849012948
4.713216957605986,33.176488062248744,2.1674051204951354e-05,2.496091638948858e-05,-4.6180476867949366e-05,-8.892056974433215e-05
4.743142144638404,34.215371073056964,1.6880880768335575e-05,1.944542251385897e-05,-3.6108478252081845e-05,-6.968424998793655e-05
4.7730673316708225,35.27699757465404,1.3098502725217572e-05,1.5091913675540252e-05,-2.8125913054966648e-05,-5.440001064264619e-05
4.802992518703243,36.36167359130236,1.0125341671890347e-05,1.1668936519211852e-05,-2.1824345390436388e-05,-4.2304456292455256e-05
4.832917705735661,37.46970707194501,7.797388062282998e-06,8.988107514604598e-06,-1.686954830501416e-05,-3.277078420723656e-05
4.86284289276808,38.60140789020618,5.981774052910832e-06,6.896762192699241e-06,-1.298924153409546e-05,-2.5286686692695682e-05
4.892768079800498,39.7570878443909,4.571326423400804e-06,5.2717191298132136e-06,-9.962600596641336e-06,-1.9435341744000824e-05
4.922693266832918,40.93706065748512,3.479972659228678e-06,4.014018026961822e-06,-7.611332854226035e-06,-1.4879158521694e-05
4.952618453865337,42.14164197715552,2.638887092787537e-06,3.0445033357460405e-06,-5.792129430496654e-06,-1.1345960372705022e-05
4.982543640897755,43.371149375749866,1.9932748696363105e-06,2.3001371024736468e-06,-4.390316525883488e-06,-8.617308024350954e-06
5.012468827930175,44.625902350296826,1.4997021758938222e-06,1.7309367329258516e-06,-3.314545029780071e-06,-6.518687916754252e-06
5.042394014962594,45.906222322505755,1.1238914259641317e-06,1.2974449819576447e-06,-2.4923728999409614e-06,-4.911314334411608e-06
5.072319201995012,47.21243263876709,8.389098154646911e-07,9.686504662990257e-07,-1.866610122749703e-06,-3.68531816298172e-06
5.102244389027432,48.5448585701522,6.236886869762549e-07,7.20287260112363e-07,-1.3923108602898297e-06,-2.7541190205163564e-06
5.132169576059851,49.9038273124131,4.618194702976003e-07,5.334515814773422e-07,-1.0343113883452369e-06,-2.0498006415438802e-06
5.162094763092269,51.28966798598293,3.405795117037854e-07,3.9348217287215763e-07,-7.652254657103562e-07,-1.5193313189421068e-06
5.1920199501246875,52.70271163597569,2.50147892713457e-07,2.8905871012809526e-07,-5.638207451810782e-07,-1.1214916483539687e-06
5.221945137157108,54.14329123218628,1.8297737379234343e-07,2.1147945730783814e-07,-4.137106887250588e-07,-8.243905948844718e-07
5.251870324189526,55.61174166909032,1.3329391410256972e-07,1.5408545344274367e-07,-3.0230617452583816e-07,-6.034679215926724e-07
5.281795511221945,57.108399765844524,9.669985827584546e-08,1.1180381867003968e-07,-2.1997960597084048e-07,-4.3989626410132464e-07
5.311720698254365,58.63360426628655,6.986089634605531e-08,8.078735880573171e-08,-1.5940190115013352e-07,-3.193096406974006e-07
5.341645885286783,60.18769583893464,5.02603489403946e-08,5.813159092317399e-08,-1.1501932254791375e-07,-2.3079702881940034e-07
5.371571072319202,61.771017076988215,3.600726387256232e-08,4.165367252987343e-08,-8.264277821875111e-08,-1.6610992197308617e-07
5.401496259351622,63.38391249832763,2.5687289344704306e-08,2.9720557755864815e-08,-5.912707199498448e-08,-1.1904162971864131e-07
5.43142144638404,65.02672854551378,1.824736805983653e-08,2.1116087898711946e-08,-4.212168749105065e-08,-8.49436315120268e-08
5.461346633416459,66.69981358578882,1.290702761562024e-08,1.4938709681129744e-08,-2.987814416295033e-08,-6.03506804533864e-08
5.491271820448877,68.40351791107564,9.090473696822468e-09,1.0523157379383542e-08,-2.1101845370742803e-08,-4.269171129019477e-08
5.521197007481297,70.1381937379782,6.374867616908912e-09,7.380784480638564e-09,-1.4838725150209183e-08,-3.0068068686376814e-08
5.551122194513716,71.90419520778094,4.451127992203463e-09,5.154331570683148e-09,-1.0388962965551376e-08,-2.10842589032709e-08
5.581047381546134,73.70187838644961,3.094372576821495e-09,3.583809497519686e-09,-7.241638097074936e-09,-1.4719452785123161e-08
5.610972568578554,75.5316012646308,2.1417409960882703e-09,2.4808953169709877e-09,-5.025494578948009e-09,-1.0230431548983315e-08
5.640897755610973,77.39372375765166,1.4758386315309124e-09,1.7098132468025471e-09,-3.472033934156227e-09,-7.0786593903169425e-09
5.670822942643391,79.28860770552062,1.0124387771315546e-09,1.173129657237199e-09,-2.38798996553544e-09,-4.875767329082732e-09
5.700748129675811,81.21661687292699,6.913935093769473e-10,8.012519061418395e-10,-1.634905012770619e-09,-3.343009485124876e-09
5.73067331670823,83.17811694924056,4.699495290305467e-10,5.447039802735096e-10,-1.1140522096367985e-09,-2.2812647118615143e-09
5.760598503740648,85.17347554851249,3.1785687784723783e-10,3.684727377707994e-10,-7.553601520466754e-10,-1.5489528989329598e-09
5.790523690773067,87.20306220947461,2.1380690181642982e-10,2.478896866239886e-10,-5.093173192192965e-10,-1.0458579117000852e-09
5.820448877805487,89.26724839553978,1.4285010319340568e-10,1.6564499708283838e-10,-3.4108197103776266e-10,-7.013326065584753e-10
5.850374064837905,91.36640749480148,9.453186119098731e-11,1.0963118484798759e-10,-2.262140872009556e-10,-4.657339875146924e-10
5.880299251870324,93.5009148200343,6.155021975875442e-11,7.13903037754764e-11,-1.4759132851460224e-10,-3.0422132322684273e-10
5.910224438902744,95.67114760869391,3.878962903788337e-11,4.49958317495985e-11,-9.318061071579368e-11,-1.9226525253830903e-10
5.940149625935162,97.87748502291632,2.2621231220634332e-11,2.624280329577737e-11,-5.441816155003193e-11,-1.1237584893813279e-10
5.970074812967581,100.12030814951896,1.0386641289432776e-11,1.2050176040333438e-11,-2.5009456424986243e-11,-5.167294717730997e-11
