column_0,column_1,column_2
1.0,0.0,0.0
0.9510231998883231,0.048976757878034516,4.2233642183176736e-08
0.9432907890861627,0.056709159861048915,5.105278821798125e-08
0.9343804375340066,0.06561950048912342,6.197686987661879e-08
0.9241274694857019,0.07587245493888592,7.557541201848363e-08
0.912349305448248,0.08765060196610479,9.258564707510846e-08
0.8988453592556592,0.10115452678078246,1.1396355818643502e-07
0.8833977388815427,0.1166021201682891,1.4095016807806915e-07
0.8657730832081751,0.13422674163456616,1.7515725859632278e-07
0.8457259486201617,0.15427383270221803,2.1867762001122403e-07
0.8230042448098068,0.17699548096428075,2.7422591225570996e-07
0.7973572966620821,0.20264235802074057,3.4531717717833855e-07
0.7685471618340632,0.23145240167509956,4.364908370107317e-07
0.7363638320963003,0.2636356143152924,5.535884070768526e-07
0.7006448496016068,0.2993544463055913,7.040928016400337e-07
0.6612996207662364,0.3386994816982084,8.975355550583661e-07
0.6183382377069118,0.3816606163181754,1.1459749127359085e-06
0.5719038491647214,0.428094686293298,1.4645419804552693e-06
0.5223064925838427,0.47769163537275156,1.8720434056527473e-06
0.47005479025170177,0.5299428181510167,2.3915972813958823e-06
0.41588011581594586,0.5841168329191508,3.051264903070692e-06
0.36074601390829203,0.6392501014648043,3.8846269035389915e-06
0.30583432594183707,0.694160742815577,4.931242585882458e-06
0.2524994603845498,0.7474943026824994,6.236932950716943e-06
0.20218459546340078,0.7978075506866943,7.853849904970387e-06
0.15629933083027228,0.8436908288246501,9.840345077645587e-06
0.11606781342705412,0.8839199258379419,1.2260735003987308e-05
0.08236861953571484,0.9176161952977964,1.5185166488785826e-05
0.05559941389572138,0.9443818962151519,1.868988912673682e-05
0.03560505814936069,0.9643720835564956,2.2858294143716522e-05
0.02170108185035331,0.9782711351231886,2.7783026458179206e-05
0.012801834089660739,0.9871645966191146,3.356929122468661e-05
0.0076282941181707265,0.9923313666899596,4.033919186977148e-05
0.00493815430918333,0.9950136090207441,4.823667007288491e-05
0.0037090036640623487,0.9962335638089538,5.7432526984005724e-05
0.0032255273814072783,0.9967063434336146,6.81291849780339e-05
0.0030656338342011473,0.9968538009326922,8.056523310654661e-05
0.003022352935473695,0.996882626897244,9.502016728237629e-05
0.00301303375620294,0.996875146368863,0.0001118198749341791
0.003011456909879436,0.9968571997949707,0.0001313432951498222
0.0030112068258372165,0.9968347627019649,0.00015403047219772327
0.0030111127744747806,0.9968084951341006,0.0001803920914245348
0.003011020401105354,0.9967779590125988,0.0002110205862958055
0.003010914041016299,0.9967424829905173,0.0002466029684663215
0.0030107905263352976,0.9967012738799426,0.0002879355937219859
0.0030106470720799618,0.9966534118105127,0.00033594111740723414
0.0030104804842714817,0.9965978315949399,0.0003916879207885442
0.0030102870689977432,0.9965333006196949,0.00045641231130718056
0.0030100625542352844,0.9964583936304996,0.0005315438152648862
0.0030098020051162384,0.9963714641058902,0.0006187338889933603
0.0030094997262214464,0.9962706119073295,0.0007198883664488371
0.0030091491532780856,0.9961536469116045,0.000837203935117264
0.0030087427310567265,0.9960180483956019,0.0009732088733410539
0.0030082717786435232,0.9958609200385651,0.001130808182791175
0.0030077263413717417,0.9956789405705957,0.0013133330880323757
0.003007095030663182,0.9954683103341662,0.0015245946351704473
0.0030063648535865795,0.995224694377264,0.001768940769149224
0.0030055210352419506,0.9949431631933834,0.0020513157713743695
0.003004546839372524,0.9946181329071291,0.00237732025349817
0.003003423395646355,0.9942433076329116,0.0027532689714418494
0.003002129545278431,0.9938116279624174,0.0031862424923038775
0.00300064172166504,0.9933152311437846,0.003684127134549924
0.002998933888822904,0.9927454305405072,0.0042556355706694134
0.002996977567970961,0.9920927245064051,0.004910297925623514
0.002994741991770087,0.9913468478398614,0.005658410168368118
0.0029921944362219467,0.990496882519972,0.006510923043805646
0.002989300791745387,0.989531448241364,0.007479250966890319
0.0029860264465298354,0.9884389971345974,0.00857497641887248
0.002982337564752584,0.9872082402305332,0.009809422204713895
0.0029782028470101453,0.9858287348098823,0.011193062343107157
0.0029735958554963308,0.9842916601745404,0.012734743969962912
0.002968497965614858,0.9825908024223433,0.014440699612041428
0.0029629019603515075,0.9807237536718203,0.016313344367827762
0.002956816203308649,0.9786933043516118,0.018349879445078997
0.0029502692014151083,0.9765089655009924,0.02054076529759189
0.002943314191856058,0.9741884991511589,0.022868186656984427
0.0029360331620114795,0.9717592595357372,0.02530470730225071
0.0029285394573917638,0.9692590632012813,0.027812397341326296
0.002920977899966036,0.9667362284862794,0.03034279361375395
0.0029135212154831106,0.9642483835340837,0.03283809525043238
0.0029063616820044543,0.961859679913092,0.035233958404902746
0.0028996974111217596,0.95963621548818,0.03746408710069727
0.002893713673557835,0.9576398039023388,0.03946648242410226
0.002888561172346409,0.9559207256498818,0.041190713177770795
0.0028843348900648275,0.9545106706764062,0.04260499443352787
0.002881058506471145,0.9534175394860408,0.04370140200748707
0.002878679550454664,0.9526238256403423,0.044497494809201815
0.0028770786385548977,0.9520896980937281,0.045033223267715514
0.0028760922470022765,0.9517605988471801,0.045363308905815795
0.0028755435781528966,0.9515775412120493,0.04554691520979579
0.002875272516436458,0.9514871042994353,0.045637623184125974
0.002875155799263152,0.9514481628327406,0.04567668136799359
0.0028751129395089654,0.9514338631230846,0.045691023937403506
0.0028750998510201787,0.9514294962854057,0.0456954038635703
0.0028750966221553344,0.95142841900835,0.045696484369490205
0.0028750959998766873,0.9514282113915742,0.04569669260854369
0.002875095909708397,0.9514281813078651,0.04569672278242021
0.002875095900294382,0.9514281781669772,0.0456967259327218
0.0028750958995742153,0.9514281779267009,0.04569672617371858
0.002875095899528759,0.951428177911535,0.045696726188929324
0.0028750958995381083,0.9514281779146545,0.04569672618579533
