x_model,MEP_eV,F_analytic_eV,F_quadrature_eV
-1.4,0.13823999999999992,0.14336362092225385,0.14336362092225385
-1.386,0.12723504480239992,0.13218720732130085,0.13218720732130085
-1.3719999999999999,0.11679022851839989,0.12157038573258223,0.12157038573258225
-1.3579999999999999,0.10689192883439992,0.111499542641418,0.11149954264141801
-1.3439999999999999,0.09752666173439993,0.10196120341365127,0.10196120341365128
-1.3299999999999998,0.08868108149999993,0.09294203231970184,0.09294203231970186
-1.3159999999999998,0.08034198071039993,0.08442883255941698,0.084428832559417
-1.3019999999999998,0.0724962902423999,0.07640854628773257,0.07640854628773258
-1.2879999999999998,0.0651310792703999,0.0688682546411567,0.0688682546411567
-1.274,0.05823355526639999,0.061795177765085016,0.06179517776508502
-1.26,0.05179106400000002,0.05517667484195714,0.055176674841957145
-1.246,0.045791089538400005,0.04900024412026103,0.04900024412026104
-1.232,0.0402212542464,0.04325352294438935,0.043253522944389354
-1.218,0.035069318786399975,0.03792428778535034,0.037924287785350334
-1.204,0.03032318211839997,0.03300045427233348,0.033000454272333495
-1.19,0.02597088149999999,0.02847007722512597,0.028470077225125977
-1.176,0.022000592486399972,0.024321350687374087,0.024321350687374087
-1.162,0.018400628930399978,0.020542607960679457,0.02054260796067956
-1.148,0.015159442982399976,0.017122321639515672,0.017122321639515763
-1.134,0.01226562509039999,0.014049103646947692,0.014049103646947773
-1.1199999999999999,0.009707903999999979,0.01131170527113023,0.011311705271130297
-1.1059999999999999,0.007475146754399984,0.00889901720255742,0.008899017202557424
-1.092,0.0055563586944000105,0.0068000695720291954,0.006800069572029201
-1.0779999999999998,0.003940683458399984,0.005004031989294484,0.005004031989294493
-1.064,0.002617402982400008,0.003500213582324654,0.0035002135823246627
-1.0499999999999998,0.0015759374999999875,0.0022780630371619735,0.0022780630371619787
-1.036,0.0008058455424000006,0.001327168638282701,0.001327168638282701
-1.022,0.00029682393839999957,0.0006372583094028123,0.0006372583094028106
-1.008,3.870781440000038e-05,0.00019819965464829004,0.00019819965464829004
-0.994,2.1470594399999906e-05,1.734723475976807e-18,0.0
-0.98,0.00023522400000000094,3.280643491430403e-05,3.280643491429536e-05
-0.966,0.0006702180504000002,0.00028690585400881034,0.00028690585400880514
-0.952,0.0013168410624000032,0.0007527249986914297,0.0007527249986914314
-0.938,0.0021656196504000053,0.001420830498598381,0.0014208304985983827
-0.9239999999999999,0.003207218726400006,0.0022819289126939334,0.002281928912693937
-0.9099999999999999,0.004432441500000008,0.0033268667698710137,0.003326866769871019
-0.8959999999999999,0.0058322294784000075,0.004546630608877474,0.004546630608877479
-0.882,0.007397662466399996,0.005932347017378039,0.005932347017378034
-0.868,0.0091199585664,0.007475282669946468,0.007475282669946473
-0.854,0.010990474178400001,0.009166844364766268,0.009166844364766266
-0.84,0.013000704000000009,0.010998579058802265,0.010998579058802263
-0.826,0.015142281026400011,0.01296217390118803,0.012962173901188041
-0.8119999999999999,0.017406976550400008,0.01504945626455738,0.015049456264557386
-0.7979999999999999,0.019786700162400007,0.01725239377403051,0.017252393774030518
-0.784,0.02227349975039999,0.019563094333548102,0.019563094333548102
-0.77,0.024859561500000002,0.021973806149229502,0.02197380614922951
-0.756,0.02753720989439999,0.02447691774941338,0.024476917749413372
-0.742,0.030298907714400008,0.027064958001023626,0.027064958001023813
-0.728,0.033137256038399995,0.02973059612188591,0.02973059612188609
-0.714,0.036044994242400014,0.03246664168860645,0.0324666416886066
-0.7,0.039015,0.03526604463960903,0.03526604463960919
-0.6859999999999999,0.042040289282400015,0.03812189527291539,0.03812189527291538
-0.6719999999999999,0.045114016358400004,0.04102742423824096,0.041027424238240955
-0.658,0.0482294737944,0.04397600252297126,0.04397600252297126
-0.644,0.0513800924544,0.04696114143157552,0.04696114143157553
-0.63,0.05455944149999999,0.049976492558011947,0.049976492558011947
-0.616,0.057761228390399995,0.05301584775067703,0.053015847750677046
-0.602,0.06097929888240001,0.05607313906945474,0.05607313906945475
-0.588,0.0642076370304,0.05914243873442765,0.05914243873442764
-0.574,0.06744036518640002,0.06221795906582338,0.062217959065823385
-0.56,0.07067174399999997,0.06529405241478452,0.06529405241478453
-0.546,0.07389617241839999,0.06836521108457232,0.06836521108457233
-0.532,0.07710818768639999,0.07142606724183831,0.07142606724183831
-0.518,0.0803024653464,0.07447139281763297,0.07447139281763299
-0.504,0.08347381923839998,0.07749609939785565,0.07749609939785565
-0.49,0.0866172015,0.08049523810289637,0.08049523810289638
-0.476,0.08972770256639999,0.08346399945627012,0.08346399945627012
-0.46199999999999997,0.09280055117040001,0.08639771324210291,0.08639771324210291
-0.44799999999999995,0.0958311143424,0.08929184835139166,0.08929184835139167
-0.43400000000000005,0.09881489741039998,0.09214201261703342,0.09214201261703345
-0.42000000000000004,0.101747544,0.09494395263769514,0.09494395263769514
-0.406,0.1046248360344,0.09769355359068006,0.09769355359068008
-0.3919999999999999,0.10744269373440003,0.10038683903403754,0.10038683903403756
-0.3780000000000001,0.11019717561839996,0.10301997069825648,0.1030199706982565
-0.3640000000000001,0.11288447850239998,0.10558924826798524,0.10558924826798524
-0.3500000000000001,0.11550093749999998,0.10809110915432138,0.10809110915432141
-0.3360000000000001,0.11804302602239997,0.11052212825832584,0.11052212825832586
-0.32200000000000006,0.1205073557784,0.11287901772652087,0.1128790177265209
-0.30800000000000005,0.12289067677439997,0.11515862669924262,0.11515862669924265
-0.29400000000000004,0.12518987731439998,0.11735794105282839,0.1173579410528284
-0.28,0.127401984,0.11947408313672238,0.11947408313672239
-0.266,0.1295241617304,0.12150431150669001,0.12150431150669005
-0.252,0.1315537137024,0.123446020655425,0.12344602065542501
-0.238,0.1334880814104,0.125296740741925,0.125296740741925
-0.22399999999999998,0.1353248446464,0.12705413732109308,0.12705413732109314
-0.20999999999999996,0.13706172149999998,0.128716011075092,0.12871601107509206
-0.19599999999999995,0.1386965683584,0.13028029754803772,0.1302802975480378
-0.18199999999999994,0.1402273799064,0.13174506688566295,0.131745066885663
-0.16800000000000015,0.1416522891264,0.1331085235816118,0.13310852358161188
-0.15400000000000014,0.14296956729839996,0.1343690062320394,0.13436900623203948
-0.14000000000000012,0.14417762399999998,0.13552498730018694,0.13552498730018703
-0.1260000000000001,0.1452750071064,0.13657507289257986,0.13657507289257997
-0.1120000000000001,0.14626040279039998,0.13751800254845675,0.13751800254845686
-0.09800000000000009,0.14713263552239997,0.13835264904397662,0.1383526490439767
-0.08400000000000007,0.14789066807039997,0.13907801821267257,0.13907801821267257
-0.07000000000000006,0.14853360149999997,0.13969324878352513,0.13969324878352513
-0.05600000000000005,0.1490606751744,0.14019761223791216,0.14019761223791216
-0.04200000000000004,0.1494712667544,0.14059051268656214,0.14059051268656214
-0.028000000000000025,0.1497648921984,0.1408714867674921,0.1408714867674921
-0.014000000000000012,0.1499412057624,0.1410402035657513,0.1410402035657513
0.0,0.15,0.14109646455562241,0.14109646455562241
0.014000000000000012,0.1499412057624,0.1410402035657513,0.1410402035657513
0.028000000000000025,0.1497648921984,0.1408714867674921,0.1408714867674921
0.04200000000000004,0.1494712667544,0.14059051268656214,0.14059051268656214
0.05600000000000005,0.1490606751744,0.14019761223791216,0.14019761223791216
0.06999999999999984,0.14853360149999997,0.13969324878352513,0.13969324878352513
0.08399999999999985,0.14789066807040002,0.13907801821267263,0.13907801821267263
0.09799999999999986,0.14713263552240002,0.13835264904397668,0.13835264904397676
0.11199999999999988,0.14626040279039998,0.13751800254845675,0.13751800254845686
0.1259999999999999,0.1452750071064,0.13657507289257986,0.13657507289257997
0.1399999999999999,0.144177624,0.13552498730018697,0.13552498730018706
0.15399999999999991,0.1429695672984,0.13436900623203943,0.1343690062320395
0.16799999999999993,0.1416522891264,0.1331085235816118,0.13310852358161188
0.18199999999999994,0.1402273799064,0.13174506688566295,0.131745066885663
0.19599999999999995,0.1386965683584,0.13028029754803772,0.1302802975480378
0.20999999999999996,0.13706172149999998,0.128716011075092,0.12871601107509206
0.22399999999999998,0.1353248446464,0.12705413732109308,0.12705413732109314
0.238,0.1334880814104,0.125296740741925,0.125296740741925
0.252,0.1315537137024,0.123446020655425,0.12344602065542501
0.266,0.1295241617304,0.12150431150669001,0.12150431150669005
0.2799999999999998,0.12740198400000002,0.1194740831367224,0.11947408313672242
0.2939999999999998,0.12518987731440004,0.11735794105282844,0.11735794105282846
0.30799999999999983,0.12289067677440003,0.11515862669924269,0.1151586266992427
0.32199999999999984,0.12050735577840004,0.11287901772652091,0.11287901772652092
0.33599999999999985,0.11804302602240002,0.1105221282583259,0.11052212825832591
0.34999999999999987,0.11550093750000001,0.10809110915432141,0.10809110915432141
0.3639999999999999,0.11288447850240002,0.10558924826798527,0.1055892482679853
0.3779999999999999,0.11019717561840002,0.10301997069825654,0.10301997069825655
0.3919999999999999,0.10744269373440003,0.10038683903403754,0.10038683903403756
0.4059999999999999,0.1046248360344,0.09769355359068006,0.09769355359068008
0.41999999999999993,0.10174754400000002,0.09494395263769516,0.09494395263769517
0.43399999999999994,0.0988148974104,0.09214201261703345,0.09214201261703348
0.44799999999999995,0.0958311143424,0.08929184835139166,0.08929184835139167
0.46199999999999997,0.09280055117040001,0.08639771324210291,0.08639771324210291
0.476,0.08972770256639999,0.08346399945627012,0.08346399945627012
0.49,0.0866172015,0.08049523810289637,0.08049523810289638
0.504,0.08347381923839998,0.07749609939785565,0.07749609939785565
0.5179999999999998,0.08030246534640004,0.07447139281763301,0.07447139281763301
0.5319999999999998,0.07710818768640006,0.07142606724183836,0.07142606724183839
0.5459999999999998,0.07389617241840003,0.06836521108457236,0.06836521108457236
0.5599999999999998,0.07067174400000002,0.06529405241478457,0.06529405241478459
0.5739999999999998,0.06744036518640002,0.06221795906582338,0.062217959065823385
0.5879999999999999,0.06420763703040003,0.05914243873442768,0.05914243873442767
0.6019999999999999,0.06097929888240003,0.056073139069454755,0.05607313906945476
0.6160000000000001,0.057761228390399974,0.05301584775067701,0.05301584775067702
0.6299999999999999,0.054559441500000035,0.04997649255801199,0.049976492558012
0.6439999999999997,0.05138009245440008,0.0469611414315756,0.04696114143157561
0.6579999999999999,0.04822947379440001,0.043976002522971264,0.04397600252297126
0.6719999999999997,0.04511401635840007,0.04102742423824103,0.041027424238241024
0.6859999999999999,0.042040289282400015,0.03812189527291539,0.03812189527291538
0.6999999999999997,0.039015000000000064,0.03526604463960909,0.03526604463960923
0.714,0.036044994242400014,0.03246664168860645,0.0324666416886066
0.7279999999999998,0.033137256038400044,0.029730596121885958,0.02973059612188613
0.742,0.030298907714400008,0.027064958001023626,0.027064958001023813
0.7559999999999998,0.027537209894400037,0.02447691774941342,0.024476917749413428
0.77,0.024859561500000002,0.021973806149229502,0.02197380614922951
0.7839999999999998,0.02227349975040004,0.01956309433354815,0.019563094333548144
0.798,0.019786700162399997,0.017252393774030504,0.017252393774030504
0.8119999999999998,0.01740697655040003,0.015049456264557401,0.015049456264557406
0.8260000000000001,0.01514228102639999,0.012962173901188012,0.012962173901188014
0.8399999999999999,0.01300070400000002,0.010998579058802272,0.01099857905880227
0.8539999999999996,0.010990474178400048,0.00916684436476631,0.009166844364766315
0.8679999999999999,0.009119958566400018,0.007475282669946489,0.007475282669946494
0.8819999999999997,0.00739766246640004,0.005932347017378077,0.005932347017378083
0.8959999999999999,0.0058322294784000075,0.004546630608877474,0.004546630608877479
0.9099999999999997,0.004432441500000025,0.003326866769871031,0.0033268667698710327
0.9239999999999999,0.003207218726400006,0.0022819289126939334,0.002281928912693937
0.9379999999999997,0.0021656196504000174,0.0014208304985983897,0.0014208304985983966
0.952,0.0013168410624000032,0.0007527249986914297,0.0007527249986914314
0.9659999999999997,0.0006702180504000091,0.00028690585400881555,0.000286905854008819
0.98,0.00023522400000000094,3.280643491430403e-05,3.280643491429536e-05
0.9939999999999998,2.14705944000015e-05,0.0,6.938893903907228e-18
1.008,3.870781440000038e-05,0.00019819965464829004,0.00019819965464829004
1.0219999999999998,0.00029682393839999366,0.0006372583094028054,0.0006372583094028036
1.036,0.0008058455424000006,0.001327168638282701,0.001327168638282701
1.0499999999999998,0.0015759374999999875,0.0022780630371619735,0.0022780630371619787
1.0639999999999996,0.0026174029823999643,0.0035002135823246038,0.0035002135823246003
1.0779999999999998,0.003940683458399984,0.005004031989294484,0.005004031989294493
1.0919999999999996,0.005556358694399959,0.0068000695720291365,0.006800069572029145
1.1059999999999999,0.007475146754399984,0.00889901720255742,0.008899017202557424
1.1199999999999997,0.009707903999999946,0.011311705271130195,0.011311705271130262
1.134,0.01226562509039999,0.014049103646947692,0.014049103646947773
1.1479999999999997,0.015159442982399931,0.01712232163951563,0.01712232163951572
1.162,0.018400628930399978,0.020542607960679457,0.02054260796067956
1.1759999999999997,0.02200059248639992,0.02432135068737403,0.02432135068737403
1.19,0.02597088149999999,0.02847007722512597,0.028470077225125977
1.2039999999999997,0.030323182118399912,0.03300045427233342,0.033000454272333425
1.218,0.035069318786399975,0.03792428778535034,0.037924287785350334
1.2319999999999998,0.040221254246399905,0.04325352294438925,0.04325352294438926
1.246,0.045791089538400005,0.04900024412026103,0.04900024412026104
1.2599999999999998,0.05179106399999991,0.05517667484195703,0.055176674841957034
1.274,0.05823355526639999,0.061795177765085016,0.06179517776508502
1.2879999999999998,0.0651310792703999,0.0688682546411567,0.0688682546411567
1.3019999999999996,0.0724962902423998,0.07640854628773247,0.0764085462877325
1.3159999999999998,0.08034198071039993,0.08442883255941698,0.084428832559417
1.3299999999999996,0.08868108149999977,0.09294203231970169,0.09294203231970169
1.3439999999999999,0.09752666173439993,0.10196120341365127,0.10196120341365128
1.3579999999999997,0.10689192883439975,0.11149954264141783,0.11149954264141784
1.3719999999999999,0.11679022851839989,0.12157038573258223,0.12157038573258225
1.3859999999999997,0.12723504480239972,0.13218720732130065,0.13218720732130065
1.4,0.13823999999999992,0.14336362092225385,0.14336362092225385
